,2022,2021,2020,2019,2018,2017,2016,2015,2014
PKOBP,56.44150417827298,-16.65699361578642,-12.69318469723841,-10.923042202663055,57.46268656716418,2.96377607025247,-23.573825503355703,-9.284627092846272,49275.0
PKNORLEN,28.794156688217498,-32.74293923144424,-20.647244195601385,2.028292023585067,24.267300522591263,25.718485764674504,38.695812800230186,19.317098985120378,17536.07
PZU,9.23982593509785,-19.160651989204688,-8.815479101608977,4.127134633645505,26.949709878093003,-2.38094022374609,-30.00000953124844,8.252581325721529,38767.87
SANPL,87.6682602115452,-39.53031584408102,-14.182032775623954,36568.03,,,,,
CDPROJEKT,-29.719242396788708,2.9193159713149295,91.96431314741548,50.10307133265549,85.82390293096506,138.5699477923486,32.63415464756221,-4.788581859230704,1665.42
PEKAO,99.67263040533967,-39.173703428508354,-7.844041940310868,-15.830128211728974,2.9411791428683034,-12.334495791123976,-19.697825743975926,-0.44566966871612274,47113.37
INGBSK,56.14035087719297,-15.55555555555556,12.5,-12.451361867704284,27.385377942998772,37.7720418706639,-16.261587968566555,23.422984178305327,14746.84
PGNIG,13.677364878579487,28.049886938666972,-37.36613457770156,9.856929036802267,9.41867116235662,9.53307392996109,15.50561797752809,-13.592233009708737,30385.0
KGHM,-23.825136612021858,91.46264908976774,7.538253825382538,-20.071942446043167,20.242214532871973,45.66073397385415,-41.67202572347267,-7.754237288135593,23600.0
CYFRPLSAT,14.663175913805256,8.375044490657535,23.84753149396734,-9.251775728326935,1.0568982185658948,17.816084207247126,-11.148933452123286,117.89879940093282,6897.39
MBANK,141.84297769939292,-53.962378791636525,-8.17468338219367,-8.720598684431222,38.80747064604453,6.871662713318681,-36.904685449185344,-0.31488579936177685,21087.01
LPP,107.60419408730645,-6.065782571945678,12.356686233626197,-11.89675427398457,58.16442110508462,2.589662976136407,-23.21550427856251,-19.615585090148063,16480.11
LOTOS,47.165339945191185,-50.406815551925604,-5.559280472383299,53.37956856491728,50.8495476856808,41.66676683535073,50.722423356694456,-28.067706195251535,4604.01
PGE,24.030707330017396,-18.341698413658253,-20.3999869502038,-17.012447948613925,15.311018987665689,-18.295542739388754,-32.292216995689095,16.03192014641401,30439.71
DINOPL,26.917735942688726,100.97225055532887,50.234805733239845,21.637035550866916,7725.55,,,,
BNPPPL,43.493382992883824,-6.470653369897119,10024.49,,,,,,
ORANGEPL,28.224512166356003,-7.443822178748043,48.643136780784545,-17.271189898072667,5.0816681855709165,-16.006142359163064,-21.153770420036615,10918.81,
MILLENNIUM,150.61168824948513,-44.10256554779454,-34.04740552119588,-0.7829226777412422,72.25416449600387,-6.654627994656733,-33.012046038929896,15.277796859329278,8734.44
HANDLOWY,67.85232152033235,-32.14295740207471,-25.036162940351637,-15.608207200883122,7.186790220306597,6.244764184734995,-32.77226915051052,1.8570972486854294,13719.26
ASSECOPOL,26.945749709853658,6.99133252696872,38.00970227039399,4.865834782966014,-18.49532230334695,-4.999978788483,11.372495287052732,10.94215205266911,3815.52
ZYWIEC,4.545463688791536,-1.2245279120040713,6.060657147192213,-2.1185750205751988,6.546305656894201,14.618362817926027,2.2485106514499344,-11.173721164867295,4370.97
GTC,-2.9167620137299712,-25.61971162745177,18.6860665072459,-14.07689787523026,22.131390807095272,14.685386941392775,73.77585077842795,-20.416251633863315,2379.33
CCC,20.543726116970866,6.0410998834046,-43.093605369343436,-32.16888543387425,47.30076539836876,49.69926620955131,3.782771535580526,14.493996569468269,4477.44
BUDIMEX,-26.178936145549784,78.77905255534958,51.40851383688136,-46.41507063436049,7.09779804023998,2.036003585821471,37.10245784786755,7.197096710059747,3369.97
ALIOR,222.33355901602346,-40.829903666649756,-46.03945271179747,-32.47733168814942,46.712675316368944,44.86882245271506,-11.395826575846032,5.343719233219426,5180.1
ENEA,30.221884825102343,-17.43521788656047,-20.05043155129648,-13.913079449000223,21.052769630636437,-15.92927450233547,-25.657942780327065,11.764735276383256,6003.62
KETY,24.38437385104954,42.92643150519449,5.437118884236336,-19.45788045569023,6.3006573010580516,21.793484035488508,12.667878760671286,30.914273400462328,2041.84
KRUK,130.78025241276913,-15.223835507807344,7.37303054159895,-39.82497910850767,16.951856907104716,38.914746094717756,60.84062098205272,34.1032966876376,1403.53
EUROCASH,-22.846811644606287,-35.668716460535705,24.09125984477007,-33.509698261235464,-32.68244990451476,-18.73020069239097,27.792402516678195,-20.188408585178458,6601.61
ENERGA,-2.9189205755704304,11.299290489834902,-20.53863292621445,-30.007759335391096,39.89002152329743,-28.00636629912053,-45.11507481672026,44.57004073625435,6596.09
INTERCARS,100.42378584010982,15.12191594995283,-1.913796422311755,-32.58069583867434,11.691452461117485,16.61768500093416,6.013380534089565,18.376020662602617,2686.98
GRUPAAZOTY,23.132886753925927,-6.249741774662241,-6.093917721764546,-55.20110776201077,11.05800938779844,-37.01508113009692,57.18808677081162,1.279896511455347,6199.72
TAURONPE,-2.498092419147902,65.97568697854692,-25.114119559779894,-28.196839080459768,7.017540347203159,-1.0415387114797043,-42.97029389731729,15.560595614887243,7658.64
BENEFIT,-22.70697312166507,-4.269680745587938,4.502540553533975,-22.901229242355978,74.47080139372824,59.56784357681049,41.93560606060608,1.132634428511231,783.13
JSW,34.37375895602971,21.37507668528358,-68.21288827544288,-30.134006180545164,43.9012125008275,528.1711091384564,-36.41795142984989,-68.47363291269107,6238.08
DOMDEV,6.014470068524117,21.228605042442044,50.76000788297594,-26.019517930629043,43.71214988644966,8.614930588693035,28.03793660939203,-15.726269595456305,1262.41
CIECH,30.434782608695652,-18.89168765743073,-10.383747178329573,-22.956267490363793,-1.389227870468903,-32.19767926763882,101.83074004471084,37.23026528878649,1636.33
WIRTUALNA,52.21472496807106,33.78270939195962,32.45445923406483,9.244147826335489,-8.950854228201887,36.350007540207045,1127.29,,
ECHO,0.6189759307130781,-13.490585128186503,43.69314962273717,-28.571580730026522,-12.500058248174494,-24.637849113454642,-1.988407552988634,5.074447655179146,2765.03
CLNPHARMA,-7.34895191122071,2.141057934508816,27.04,-12.70949720670391,46.062831497348014,1102.95,,,
NEUCA,30.341181619256012,65.63059954652734,55.60016963375352,-11.75983502790672,-26.974667279101816,7.413814639020736,59.10491066992588,-21.198643812983995,1277.11
FAMUR,48.88882015434342,-24.49628967941195,-44.81493175930818,-10.517712114353932,67.76444981862154,163.42613238198382,-51.91724509737853,-36.037539920452986,2551.95
PULAWY,-8.158798100081091,-3.8115960728654716,31.953225968719273,-56.80528163128865,-13.007191483050724,-29.451021986611494,82.79605781274611,-19.827661372034367,3326.01
GPW,-9.365420307384307,16.284934828735974,7.230850240854988,-22.004705261983712,17.68082389584352,11.071052230447544,-21.334952974787804,10.12033252193083,1741.84
PLAYWAY,-33.965244865718795,164.85355648535563,77.03703703703705,107.72620241064975,30.89505325154872,327.69,,,
COMARCH,-7.455402859779768,4.010677607269189,23.02652333228179,-20.00012942135711,9.195873374788006,52.564116385118744,-1.1614154351045782,20.166195055120934,781.01
NETIA,37.153642750717,14.47959224950447,-11.59968770300795,-10.525894799709903,17.024343669460265,-14.78308498984291,-3.185349554401152,5.936219995745814,1833.49
ATAL,41.84641795552447,-14.474292395116782,35.71461517882677,-34.42602125690365,49.24883985482386,32.51420709457437,835.85,,
TSGAMES,-36.36025362798398,179.28398557648717,146.35223367697594,582.0,,,,,
ASSECOSEE,20.0,73.38653281325271,115.65400985287711,-11.53965877592162,40.8472170027976,-5.816422840962715,18.072065378900437,-10.561069811869254,481.58
PEP,35.793572170975715,101.48720172116192,31.219742590624634,68.7235121527149,13.550642673521848,-61.510452534175556,-7.333621846828676,128.4404899545904,596.79
BOGDANKA,66.666156249043,-44.906653618701334,-32.066594074158985,-23.432693700058355,-3.5969610057784966,109.2741614214007,-65.5712522287752,-23.32276210530252,4278.91
DEBICA,-5.128133678862349,-5.340484459489165,-3.7384047667411533,-18.475943392971732,8.414871334530222,0.051642454588323915,8.764774836377834,-15.076769925269433,1446.53
DEVELIA,50.76160555297212,-22.441062631949322,1136.8,,,,,,
MENNICA,8.807765180299308,-12.272452535020971,10.000391098595953,-9.050003112411407,23.059498145128643,15.584366304072846,10.001113089937666,-8.048565177897466,781.63
LIVECHAT,11.238095238095235,142.49313889038368,70.81009865800601,-36.46671792725539,-19.71823282126615,27.43639531989046,39.335960263062965,720.74,
AMICA,-23.02415433542724,7.153519024417725,19.33788931212189,-8.780607447982664,-32.48373363876603,7.126173405277541,59.63421828908555,-2.6790533169505,870.83
MABION,246.59880659880662,-73.03360151443445,-11.08548921916817,-10.729955523500415,51.9608178922492,67.13606960902167,22.879786161457485,28.26766917293233,332.5
SNIEZKA,-14.156975191009636,8.53613747511259,5.806438417801784,4.729469219894611,23.746918652424004,8.72647626732758,44.018096167016,-15.133849947164487,567.8
BORYSZEW,18.97106109324759,-26.4775413711584,-9.999999999999996,-49.0238611713666,15.106117353308367,70.42553191489363,-17.97556719022688,25.018181818181823,1100.0
STALPROD,-12.3128209103866,65.47297163946396,-43.24994819929551,-36.570594336539685,-3.9049166450485417,45.69669481494743,-26.08133046105888,121.03715019338904,1230.68
PCCROKITA,76.83391676390508,5.929977441982639,-39.92611660458151,-20.970810165827995,51.9178336614539,40.66337140647696,26.509432715061937,756.41,
MLPGROUP,2.899595547355175,68.90388624027409,32.42504577878597,-8.388938269132062,-2.3042207355405298,16.040078908899957,11.462469350628812,24.642624760928282,507.17
NEWAG,-20.610687022900763,22.429906542056074,44.10774410774411,-1.9801980198019802,-4.113924050632911,-12.222222222222221,-24.717691342534508,9.830041341295368,979.65
ASSECOBS,17.934769350864777,29.577064104185098,1.7922069564657845,3.3337397067461727,12.499376589696276,54.839955210625874,13.636961958667902,4.921277967038025,434.44
VRG,36.10187238236017,-31.43581081081081,947.2,,,,,,
WAWEL,-16.267440001826778,-6.410215312282952,-25.17988487368084,-19.087633500876525,-6.295575639650132,-7.48537749339674,15.481656574814616,-16.967790503844704,1859.7
PKPCARGO,2.3354737768506024,-33.17068389008092,-53.30315591384177,-20.326530943041465,17.23381108698856,-31.32662582131136,-18.035890483486696,0.3741508466706226,3725.77
11BIT,17.192778621860747,22.30019237495629,63.93348623853209,23.231832534722997,39.139117610913104,107.93458123043506,156.53,,
CFI,4.014646960490354,-8.666359692702903,-48.276099805078,3705.1752921535895,1.3781431334622831,270.9417040358744,11.15,,
POLICE,-7.786446987999527,92.37333333333333,-22.22222222222222,-35.22072936660269,-7.377777777777778,-18.181818181818183,48.488120950323975,-23.153526970954356,1807.5
ENTER,-20.128323175633216,-11.36372469006256,105.60675474110376,-25.564058844521988,12.743366788117216,447.37,,,
STALEXP,2.646635501790196,11.475170722004917,-4.687578989939845,-23.07677350988226,5.584011660730218,23.124462868409083,17.64775853096425,6.249703786789672,632.99
CPGROUP,31.20123076923077,10.293618580911405,31.790614880941718,-9.375810635538251,-7.812336526820824,9.500507348368314,45.83512339491144,418.98,
FORTE,1.9517713726609296,34.42573538478401,34.067447926233434,-54.50047637354372,-34.12864441116886,42.3216748150934,4.34441374123186,33.765665667855046,914.42
RYVU,23.98321319026897,25.65429728263138,718.71,,,,,,
APATOR,-16.735750634509678,13.620159981451424,-13.150509080383099,-11.110986810457655,-9.698959490857662,-8.841432531241088,-11.231096215155716,0.8458088768713308,1213.04
BOS,51.66490344097975,-15.73006542861027,-3.1295285214514683,31.388952996384322,-22.493515785707896,71.61933998465082,-49.735755892450726,-27.659435927965465,1075.04
ALUMETAL,21.227698820683408,16.91521501574854,-5.7437140260527215,-20.945492863301077,-11.559193874633312,22.06336689977895,12.764933966939747,686.02,
AUTOPARTN,77.94406869093875,69.78873124725122,22.224655570598074,-17.44518589132507,18.72536393084337,512.46,,,
BEST,31.579308452250284,-20.83423854008256,-3.9991657542103325,-20.635336634619364,51.77849890086885,69.41547847059657,66.1892130857648,-6.451612903225801,181.35
PHN,7.734616114070935,6.690335160590119,31.318694591395506,-36.38277600196705,-17.162716093387978,-11.137003812260323,-27.68879654472875,2.1610870618910036,1196.62
SANOK,-15.601096015526878,1.2952469064415237,-19.916647372076863,-47.28812731888303,-25.415994077166747,10.450082107309216,10.119201387607495,21.416473245091275,1115.87
RAINBOW,1.6946684913956245,-33.14450349432538,74.75420989964283,-53.56313486358825,64.14957342530406,9.504202635165825,31.880313073437467,63.401052502753636,163.42
KOGENERA,-20.28571428571429,1.7441860465116388,-14.000000000000009,-52.94117647058823,-6.263645985212386,37.393736017897105,13.793103448275852,12.840466926070043,765.86
POLIMEXMS,4.838563086501092,72.62261967798239,-23.31027222138667,-30.27255471543778,194.35715388177192,-35.06975066142869,64.56773427449946,58.927448102327546,190.76
MCI,39.47452575565703,58.74469510833146,-0.15206196018004134,0.4951201124717306,-6.872734862716072,-25.885976261461444,10.803272302298408,6.8265805506541914,600.74
MANGATA,24.409170243879426,-13.013684577665622,25.861178536383836,-42.317087702573886,-4.237807922176107,701.07,,,
AGORA,1.6621569385388406,-30.57757410618446,3.999484768467829,-32.323584535588196,15.24319799079112,-0.5544640181158281,56.165167195382,-22.880404267265586,498.68
XTB,-6.256990153105177,353.16065305066104,-10.226722685821601,-1.5647036401753451,-35.868289821061886,818.16,,,
ACAUTOGAZ,-14.286119462249703,-23.73845521597128,9.502380332062245,5.949811794228352,-2.095668623934347,33.207880612645624,7.7433004231311635,-35.65221337326708,440.73
ARCHICOM,-9.956490944045324,34.71001158590609,48.692744223753536,-29.504214887841115,18.296290036339048,354.99,,,
AMBRA,29.165030890344436,12.282207734960457,34.64638260652254,-11.127151582454188,80.88685783156733,9.568614504236814,-7.563196175169118,-23.37879968823071,256.6
ABPL,69.2770967679467,23.644765827028063,62.26591032714275,-48.242438867438864,-11.851668025667392,5.255891187939616,8.202446804215297,-5.846797186846615,526.1
ZEPAK,84.66311114888555,20.26115398374815,2.665407419067099,-50.624991904249946,20.460928723005868,40.11062285476923,-65.77962982359014,5.115562161354518,1271.61
COMP,-4.058983071983035,-17.877624167946756,40.42782671220566,-23.578866390087107,4.238623020305298,6.208176177150513,2.8725201827398483,-17.557527602930556,387.64
TOYA,37.45621064682313,11.92404284762441,-25.926347760060732,-37.72828823717154,75.61081933863368,31.12937910008983,1.3154991726420247,-22.43684356884639,467.49
ATMGRUPA,8.80245946808201,-9.110320284697508,0.896324272567691,1.3641755634638202,6.794886559944726,0.4889621849955148,24.618712817739308,9.667852906287077,252.9
SELVITA,66.32962029792691,139.23227409718183,-55.97788769275531,7.577028532795811,105.65683093877131,41.146969036197106,74.15189873417722,158.0,
GETBACK,0.0,0.26666666666666666,0.0,-79.60848287112562,1839.0,,,,
MOBRUK,67.39195009653943,117.43904408202812,138.17703993333762,110.73888963933538,9.044041832375902,222.51781472684084,-5.350719424460422,-44.120603015075375,39.8
LENTEX,-16.666666666666668,44.018943414713796,1.620799336191402,-6.684733514001801,-23.083794890119712,6.287848416432809,-6.97587689167174,11.216136567050155,458.09
WIELTON,33.33496920472113,13.445424936670086,-39.778042279257676,-23.41045657644703,-2.6413490505893966,84.02806533241318,79.5539033457249,-41.88530689646895,416.59
PBKM,20.413414529548,96.67678812415652,28.748280605226967,-16.648563842626118,32.00047791628499,251.09,,,
SELENAFM,32.966153099599666,16.44958042550786,83.43094065820162,-51.90558089683193,-12.106473874465985,39.88660741648789,0.9185661707852744,-40.752753192970886,545.73
VOXEL,12.904902539870053,24.767856616454907,41.66457863526268,31.33329676959359,-8.048817388673145,-9.662870159453307,125.93926917138445,-43.25018984753782,171.19
BIOTON,-3.3486645687081538,13.948142699521899,-24.90160425345825,44.98281442920546,-57.282148508217986,-31.517240032800963,200.50457639051862,98.4976416467711,171.73
R22,46.97286861091351,50.87079168455266,54.363877319197265,6.529521504563096,198.33,,,,
FERRO,33.19901331274595,65.56615538097022,8.632776780573716,-16.51728915151687,36.92462545004065,18.057586837294327,11.111111111111123,-13.525382048129286,227.72
PCCEXOL,-24.67090251693755,79.34399395618232,21.973507391053953,-13.218046114887384,7.408202705604463,-30.76980253214737,-26.87562279191956,-35.8719646799117,860.7
GETIN,54.121634584639,-50.53930096473192,145.0015499070056,-87.68138078509241,37.73371551792148,-14.753914612685923,-34.408910454344955,-50.659469812388465,2756.76
OPONEO.PL,54.369862059356294,83.11009057277712,9.755329202982255,-49.38254106057653,-13.829218766698734,71.53070577451878,161.20117655106372,0.4811327238985419,145.49
GETINOBLE,43.80480365993139,-24.66732616395954,-15.970825624111763,-74.46996405955845,25.272284445054293,-26.66704400379853,-72.60265239558152,-17.977551908737848,7075.88
PGSSOFT,37.1590477739819,19.008744474202175,21.110633475321443,-41.14359316420176,14.924268457085454,378.31,,,
ENELMED,32.74988728883231,23.07667199791102,24.997960016319873,-13.260431043635206,23.608923884514436,5.205025541902528,-21.863425509727062,60.541507909017426,173.22
ULMA,35.80377417586721,-13.216906768143518,-11.808947352650353,-9.248382009028115,2.8988751469024607,-11.517702401584547,30.189530685920566,-39.1447626520204,509.8
UNIBEP,24.095640523549434,0.9747467739697525,82.6637941959194,-54.63638976717448,-6.854082998661318,-1.3887422114267587,31.386152351880124,4.6920395119116645,275.36
RAWLPLUG,98.8875238875239,6.886489641085495,0.24131627056673674,-12.043736935198583,-12.383770076077766,24.57002457002457,33.58653350213343,-40.45398704489614,358.16
VIGOSYS,18.58263128505184,51.06913625527233,35.9986033519553,-13.24592150244494,36.634541476970384,-9.303946803946802,29.19495635305527,144.34,
LOKUM,57.89473684210526,-4.999999999999998,-9.090909090909088,-12.200684150513123,46.166666666666686,-4.0,225.0,,
ERBUD,92.03144176260882,39.119476401479744,102.96204620462046,-53.28399629972248,-27.41921947125472,0.8663017100287808,9.325929353694283,-24.994793715436064,432.17
DATAWALK,17.708821899117385,283.40689880660454,244.68,,,,,,
ARCTIC,46.643037458245146,64.06040829986614,11.290097304343778,-23.077749525480794,-27.387855935509037,39.09788034435363,-7.852809812679155,56.31740738811024,191.93
TIM,103.53024701936494,71.96564644465964,73.13944165026605,-4.920645921408271,-53.239135366367435,54.44716952800441,47.53359917294344,18.446601941747566,114.33
XTPL,-34.00553859262942,-40.35659833982721,236.12,,,,,,
FERRUM,5.3293596879519765,-2.7159546346039076,-16.49517570406238,186.80690288981924,9.922550230104392,-26.813439579397027,16.432329029172653,-42.042241809412936,180.39
UNIMOT,18.92452006980801,20.251836306400847,250.5287356321839,-66.55732663625648,195.11,,,,
PEKABEX,42.01205996615584,84.53993666432088,-27.675276752767527,29.831082476355686,-8.925750394944714,-1.9654117039713794,271.19,,
WITTCHEN,59.85414549584555,-25.18336314847943,-22.27745142340714,-14.423820572312454,10.226564805403456,-0.8807279818004484,307.7,,
DEKPOL,12.768213043847009,13.249771886855884,-23.148182321461526,-17.973480261564543,254.26855426855428,-25.66964285714286,125.44,,
ZPUE,38.51351351351352,0.6802721088435263,151.28205128205127,-64.97005988023952,-56.05263157894737,8.571428571428571,22.80701754385965,-33.713222467728805,601.93
IMMOBILE,10.085860838537005,-10.189775174002301,-19.20789675957765,-13.910075575523283,16.871540214913704,9.473308974244729,35.68319226118499,165.4,
DECORA,6.917113893858094,68.25524229958863,16.791656901804544,48.04406279816116,7.4764612659643985,21.662697062492906,30.00589796520202,-53.84510684633184,146.94
ASMGROUP,-69.99883081959547,-56.14071073278293,-0.581187866428761,-14.427187854462957,-25.418103728769434,307.34,,,
KINOPOL,101.92096242157685,-19.998965124702462,-7.140111474149536,-8.934978559551933,-1.4531499288517118,1.7372230752358009,-7.999354239819196,-35.07245617253216,381.61
INPRO,67.37767297282812,-2.9137832353400253,6.66555666555666,-9.999999999999991,15.209760027622705,1.637714218868814,20.28281975517097,-35.45545363727182,220.22
GOBARTO,1.8066406249999991,-34.027703210565875,-9.216747087780863,-6.698499317871768,17.883563846896116,186.54,,,
TARCZYNSKI,90.91054761046348,37.49931148443954,-11.109479044261652,47.5402730621975,-1.3750356226845302,-3.8893453848260604,-0.9965426072808616,-12.102252413299967,167.82
ORZBIALY,97.65401398207666,17.433467408672644,2.345908757683413,-14.798443280641898,42.03917286562478,44.26503888943587,5.538237738985867,-63.417971719629,263.08
MARVIPOL,49.62033374255445,26.012719876239046,28.92812292236093,-52.89839944328461,-37.40607644560601,69.99888925913585,-10.958362179804178,38.78568814055636,218.56
KREDYTIN,102.02850877192981,-26.119662076148586,13.555424140876534,-42.047142149956215,-13.617973092990356,0.0,23.686887180113107,-11.215864759427824,276.84
CELTIC,12.594052310999643,-1.5462402257628287,-13.558977486405452,-22.72013196135417,87.15178243292907,-13.750475465956637,-12.730290456431531,100.9449694274597,89.95
VOTUM,39.74895397489539,-15.248226950354601,199.99999999999997,-58.771929824561404,-3.3898305084745646,-20.27027027027027,87.34177215189874,25.79617834394904,75.36
SECOGROUP,28.910635715369455,-21.953818827708712,7.895745496358767,-13.139496171346138,1.7387377215761617,-19.489137351149907,-8.932119205298006,-46.52146003497355,451.77
MFO,91.2344656172328,9.601065439796606,6.38201957753735,-30.879145337191186,39.707711442786064,111.38425134744318,18.76658860265417,64.05,
PEPEES,-15.804953560371509,-21.38728323699422,38.39999999999999,-13.194444444444452,38.461538461538474,92.5925925925926,14.893617021276594,7.59036144578313,41.5
PANOVA,41.0377358490566,-33.75,8.843537414965986,-36.08695652173913,-7.258064516129032,7.8729882557633735,47.94079794079794,-13.5706340378198,179.8
TORPOL,-0.15524282001956718,86.95816770774181,58.616893514811856,-44.93552298027114,-32.131503160414404,-6.281327771741041,24.575346054757446,229.01,
COGNOR,204.27385892116186,41.128245168846384,-20.231483884361857,9.013239787258106,53.473428273706155,106.08446671438796,-37.02952445345954,9.84032677311547,80.79
MERCOR,47.553360581289745,18.172670557456232,15.531271797256444,-28.032796028780183,6.315227703984823,21.010332950631437,11.389976820398061,-57.94763201236932,297.51
MLSYSTEM,8.633655994043187,264.2774801654574,-6.617274569402222,157.92,,,,,
OEX,41.301915815969785,-2.188483107646005,2.812543945999156,8.94744905776008,8.910395461371595,119.86,,,
TRAKCJA,-9.553099994556645,27.249428551638154,-28.70969334847661,-45.58084540348803,-48.870599873595125,11.937865272223931,66.44480851935288,-26.355478470703577,530.44
CDRL,73.70441458733205,-30.425920719707626,0.8577302048628397,-5.670344366432643,-5.545379902734795,11.751835121400342,31.53839012162289,107.71,
EMCINSMED,80.18186894268736,76.55798887402297,54.914366750299976,-29.157650695517777,-0.6144393241167304,-33.3299196067387,5.848238482384819,23.155997596956144,149.81
CIGAMES,21.759669323885444,74.49768160741885,9.65216689532726,-20.366323907455012,-60.127101271012705,35.54706495310873,166.2782093969663,-17.816965643052598,131.56
OAT,-24.176063706114856,414.74306230832525,-31.609371802741965,195.48,,,,,
RONSON,95.38952206744523,59.50475050497496,-0.6097107591642662,134.49,,16.79039476857931,-8.055295451185255,-20.319648151420548,509.31
QUERCUS,19.362660200900585,51.43499437991759,3.553969116163563,-58.71403857243545,-2.989806066633517,1.5143866733972777,-19.628775008241,-28.56133613506267,552.04
SONEL,6.770833333333329,1.0526315789473728,53.225806451612904,-11.30185979971388,-36.10603290676417,-13.17460317460318,66.88741721854305,-5.624999999999998,112.0
STALPROFI,38.287271311794484,-3.421052631578956,-15.555555555555555,-39.27125506072875,13.129770992366423,25.96153846153846,-20.972644376899698,-42.75843213282628,402.33
APLISENS,25.74347332576616,-0.05294206625320918,0.9621258399511231,-22.075449244317504,1.5038956332669018,-2.029585798816572,6.149111236731356,-34.27321141064277,242.23
SYNEKTIK,5.857848400257683,77.2744575561477,73.0338558819655,-47.306677773150085,6.972599688126543,-12.278530484627424,-12.199027738061185,174.85,
CNT,53.10344827586207,-18.02902979373568,19.51063635533644,38.50531107738999,7.5333152026108126,5.752085130859936,4.934359438660043,44.06521739130434,46.0
ROPCZYCE,42.48885841618101,12.019969278033798,-36.970518468315824,18.30364813011854,27.881939358429783,36.92338547934215,37.46898263027294,-36.82835495950535,114.83
INSTALKRK,83.83124747678642,14.605181986428128,32.34003469741812,1.051871712900893,-4.931372549019609,29.870129870129862,-32.40963855421686,-19.972451790633603,145.2
SKARBIEC,18.50291452646159,33.685672401820845,-9.95553702931776,-23.825148179508894,1.021117348302591,-14.31123734481652,-1.5381145692377072,221.7,
ATENDE,4.325682915536737,16.857319523883135,-10.999518470110758,-2.199946178686748,8.196243994759056,40.527823240589186,14.459665144596663,-24.675897345444927,113.39
MDIENERGIA,-24.155999204085703,16.785437645236264,-28.20598376153932,-9.094585713563525,-18.28396744743256,4618.713450292398,5.13,,
MASTERPHA,17.486338797814213,-35.517970401691336,-2.6229508196721403,99.9847514486124,-56.42524916943522,150.5,,,
IMS,16.111250313204728,-37.26322408237051,9.766197912173244,1.7647058823529331,18.47306012065738,39.29295856273545,-8.679544853135754,75.58,
FEERUM,-13.436261214270807,-20.861883926360107,28.80689068481496,-28.50300311715958,-23.176216342503363,-15.72652096869462,58.71875,-47.35110233629484,243.12
RAFAKO,52.353287867306555,1.8610634648370512,-47.41352094890182,-41.3335097235084,-25.584280060643053,-24.495287366574498,72.58312807881772,-12.500000000000002,445.44
WASKO,34.45765367247258,-2.462921348314602,-11.59408773045137,-41.77039470639952,117.43636180702286,-44.672678690714754,39.72155246169402,-35.91047305717562,200.61
TERMOREX,-18.098674274207088,7.147352333003687,96.0,-74.87492805596139,-9.543452142571079,-37.853107344632775,-51.88547067910474,835.07,
GLCOSMED,4.205157563298542,254.83841181902125,30.52910690611064,-53.792604143461794,-64.64310327852712,217.60475297060665,-28.344163118978265,146.27524555788546,90.61
MERCATOR,-76.92168460663537,4147.446848899013,-7.869884575026233,-36.20795448206616,-10.850862797752246,41.17523167649537,31.937754723971846,107.96,
KREC,110.23710952201735,53.00892600057586,21.447721179624654,-14.823272438443203,-11.454945054945055,-10.840257093588335,-15.110785814092752,36.04598533538516,110.47
ZAMET,12.955705973162347,-18.03581857115048,38.57566765578635,-30.003776435045317,-28.5723919347225,-7.791319487625917,-35.769630162153526,-51.851851851851855,520.02
AILLERON,3.4538096567122643,39.75621647976597,-20.95120635165343,-41.013049606693045,97.99243788260713,36.01077507040528,81.67,,
NOVITA,26.153846153846153,217.0731707317073,-17.171717171717173,2.0786933927245697,-25.96641221374046,27.253652471246493,5.062050947093405,44.17892878163625,84.95
ULTGAMES,-23.496206373292864,61.37721618180037,102.09,,,,,,
MIRBUD,17.31307346912216,216.0308483290488,13.358200256440135,-9.570991883630228,41.978449565998226,19.12996969156711,-50.00445672519832,-4.111111111111113,117.0
ZUE,-10.315910396323957,-10.007236638064724,-4.971018764122214,-27.54128701594532,-31.46314094745573,0.11233759890592447,34.901495684259075,-33.02885888271114,226.62
GRODNO,9.383547233326313,147.60366743071475,65.51129505087084,-68.76548529570181,123.92956217585333,-3.749709774785238,86.14,,
VINDEXUS,44.184801997859424,-40.88991986503585,18.0776892430279,-26.60148039842823,30.38246157512212,22.097759674134437,38.22642268248542,-15.049538776904685,58.54
PLASTBOX,39.36998147004322,-12.26834290668689,-1.7881852048962286,0.4490537795359796,1.3655576026877698,4.259887005649713,-18.84456671251719,-17.22331865796266,131.74
MONNARI,30.647813219335735,-33.442766469687015,-28.809598005609235,-49.39882524539756,-16.668309188265837,-21.513471702977956,25.02417639094836,52.63727612674671,203.24
KGL,-28.77237851662404,37.072743207712534,-1.9232835500161085,-38.06481666333933,2.3916598528209456,146.76,,,
IZOSTAL,3.399792555030544,-3.2880071333036143,-7.112537529764991,-43.48818160542943,-6.452848776750052,24.827491972398718,1.5964461719997303,-30.602119460500965,207.6
I2DEV,12.987769365171818,-2.2098188859779153,0.7806222018138065,-27.16555183946488,-36.769759450171826,189.15,,,
LUBAWA,-21.44958287119642,139.62329558585625,29.842460615153787,-32.22493390278625,-15.89120766335956,28.922703715955457,-23.15058045928312,-36.471791559000856,185.76
BOOMBIT,19.11983869553783,165.21739130434784,86.02,,,,,,
LENA,15.84003341338624,12.577877042435645,32.03476641316155,-44.17778547911973,24.067505105879825,-7.881968511733828,-2.169911847331211,-4.1593166836876705,107.71
HYDROTOR,32.743362831858406,-21.47232037691402,0.0,-9.110373621667906,-0.1283010798674271,3.3024077755688035,17.645530145530163,-10.833043679759019,86.31
CORMAY,0.0,14.78013511911817,-9.735744089012512,-20.34938219002982,-11.467370803470402,-8.768669557436839,53.01737756714059,-63.2090824550527,258.08
EUROTEL,31.43401619818961,27.27382973562941,13.690886529711834,-17.906055461233723,24.121944366395034,26.857957583318495,3.314306757503217,-9.438052359513085,59.97
PROJPRZEM,-22.97549833887043,21.050647228855098,-40.888492682564454,40.717123144470015,97.15581203627367,0.7475083056478542,54.507539300609544,-46.763450042698544,58.55
ODLEWNIE,19.425431408464274,32.106469689251156,18.735823378194468,-9.336440910337267,-8.078134845620664,32.4044718838645,39.43694741740345,-19.69357249626309,53.52
MOSTALWAR,28.174603174603167,29.896907216494853,86.53846153846152,-55.17241379310345,-56.63551401869159,-17.692307692307693,116.66666666666667,33.63028953229399,89.8
BERLING,16.12206319200648,-4.092204092204088,5.76633337898917,6.11918604651164,-8.193221243661597,-8.17301801249847,22.3721697405908,-42.51357641582623,116.01
ADIUVO,-46.303630363036305,-16.974928072338667,-12.271634615384624,-43.432145771008976,-48.04295605482548,23.60492533403195,229.02,,
OPTEAM,-17.22194178024567,63.62885462555066,103.07520268381323,13.95348837209303,-53.15624533651694,-20.528937381404162,131.01369863013696,-48.9795918367347,71.54
EKOEXPORT,-28.547698149027052,-41.52095475992228,108.38635049161367,-64.89696477514974,-44.39489726800632,27.97803944231741,-50.50945622251617,-41.825253218527074,480.81
TRANSPOL,37.15804283257776,-6.979787698124178,7.503517273722053,-44.557115617958054,57.68757687576874,226.79767753461365,-14.411314984709477,-41.42409314823107,44.66
DELKO,-1.0055038103302316,41.05703194983577,57.748469147432886,-30.39344262295082,-12.670007158196128,30.952380952380935,80.2027027027027,-30.483795209018314,42.58
PROTEKTOR,-19.85981308411215,4.3584273087473315,-24.84251517581033,19.227092721562197,28.33859095688749,-0.3492839678658675,9.462817816861012,-1.7837025910627033,53.26
BIOMEDLUB,-48.05772160975173,753.3731069297843,0.0,-22.07652878769817,66.2504954419342,-45.44864864864865,92.5,,
INTROL,2.9756617516432837,72.27237949502678,-24.520674520674525,-45.82994431583558,-33.70250539240086,9.03663500678427,-9.784560143626578,5.747324818778056,231.76
KRVITAMIN,-9.845216950012686,269.75762314308054,-37.86436066848037,109.99795960008161,-48.049607801568804,-26.817159258397325,128.91,,
INTERSPPL,-0.9237265769332315,-38.86737657308809,45.62969924812029,-19.133574007220215,91.73041894353372,-7.947686116700205,105.79710144927536,-62.58714175058094,38.73
LSISOFT,9.745322245322246,-37.885391444713484,63.80222104706505,-17.152245345016425,53.85911695315132,151.44067796610167,-17.77003484320557,-49.41839971801199,28.37
SEKO,-7.982722764357695,1.0670978172999137,1.0951291271657433,0.11454753722795007,33.74917925147735,33.168172544447664,-18.619544592030348,-11.70680628272252,47.75
MOSTALZAB,46.243823737017244,60.62520246193716,72.50628667225483,-62.5,-44.349854227405245,-15.442264076521049,-38.73803123206573,13.263770099213131,292.3
WOJAS,-9.407492985641198,1.6951997314535165,23.68694208013285,-25.201863354037272,-4.860392967942078,-13.880407124681929,-19.47546357955128,21.64755732801596,80.24
HOLLYWOOD,0.0,-0.10114632501686155,31.3842746400886,-23.72022301064369,59.19,,,,
PHARMENA,-10.884078494841194,67.9008152173913,58.88,,,,,,
REINO,36.18187681393098,7.15272978576365,57.88,,,,,,
SYGNITY,-2.424271750701631,257.48140460128,37.83977110157369,25.119331742243418,-42.20689655172413,-28.03077304876536,-50.32973805855162,-31.30239647726311,236.18
MEDICALG,-4.061482084690549,70.88189250304399,-39.61768721772922,-86.76719944405838,-35.227446638038906,45.12803762738437,17.196711019920677,653.09,
OTLOG,101.8628768964855,-9.206625980819531,13.812264338162336,-80.42118351012161,-13.363853637189886,22.366849281212662,-30.549834077125528,-15.614136732329086,414.24
IPOPEMA,-25.687581398912126,129.4831223628692,58.30782076259395,-10.443668993020932,-30.201809324982605,-11.528397722025554,-44.781574026857044,-48.82567849686848,229.92
APSENERGY,71.96881091617934,-8.994145822245876,-10.310262529832942,-24.91936447258391,-15.623425057957869,-12.466913710958186,113.34,,
RADPOL,33.201892744479494,58.358608385370225,35.648596321393995,-29.871011541072644,-25.624842211562733,-52.17338807051436,-18.787997646597383,-36.304300302926194,320.21
INTERFERI,61.63065995856764,21.459381739755568,3.2473557246242346,0.0,-17.77540433323162,0.0,7.14402484878209,-11.206270866598924,68.89
SUWARY,44.57642605403995,39.493809176984705,-18.49213416444048,47.925356750823276,22.150710646285862,-21.56079091291544,-26.94021822652527,-10.76522216127264,72.92
ACTION,179.32142519610622,99.9810999811,9.86295681063123,-7.491356127545151,-24.19918462434479,-85.98367346938775,-35.85463875688908,-4.187989163154724,797.28
SESCOM,107.14285714285715,11.999999999999996,-10.071942446043169,58.38,,,,,
RANKPROGR,29.612379807692296,27.852477910103726,-11.941813261163727,-16.755843424387493,2.1429598734359194,83.31136303717375,-60.61675838438376,-58.887560829847175,234.26
IZOBLOK,49.60427807486631,-9.556974269684655,51.09617071031861,-73.02688638334779,-43.93510741755813,47.47066492829204,153.4,,
RELPOL,36.71761280931587,7.912821519732969,-31.16637383430193,1.3145282760509294,-4.160104986876642,1.0208139997348482,30.81859174471039,-28.56788899900892,80.72
ELZAB,-30.354424874972818,92.54762403181913,-26.36041313396023,-55.825672454885925,-38.553914389723424,-14.392663968191426,6.136182184541704,171.22087028253245,96.98
PROCHEM,30.12902053425404,17.184838160136287,-6.973058637083986,-36.55900464999371,15.87301587301586,3.1081081081081194,3.0003093102381655,-40.71153493489823,109.06
BBIDEV,36.76392572944297,-19.56475357371452,-21.398624853261786,-10.933532486930545,-23.81656804733727,-10.636567012405948,-18.26115867342698,-42.49868565693256,209.23
HELIO,57.79816513761468,16.577540106951872,19.871794871794872,-32.467532467532465,23.003194888178907,170.60518731988472,-36.09576427255985,-40.329670329670336,45.5
FASING,27.02867602196461,-29.20086393088552,-10.23652578518806,-1.1877394636015413,18.55553032023621,-18.56852228592565,2.366527830367285,-11.878545211878542,59.94
BEDZIN,-32.845579078455785,-28.431372549019617,-33.0948121645796,-20.812182741116747,16.9543007041281,55.395837803046575,20.907911802853445,-38.73172282263192,62.92
MAKARONPL,21.050635311966627,18.761261261261257,6.653855392745606,-8.5255987695012,-23.717733825008377,8.948137326515702,-1.1730734524454045,55.60235888795282,35.61
STARHEDGE,-1.1111111111111234,-9.999999999999998,-7.407407407407414,25.58139534883721,769.8850574712644,37.65822784810125,-75.40856031128405,12.85,
TOWERINVT,5.283867341202931,-59.43912448700411,27.72277227722771,-32.560879811468965,50.92,,,,
PATENTUS,10.449285228046303,-32.70728355474118,84.99999999999997,-21.56862745098039,30.769230769230756,30.000000000000014,-47.36842105263158,-53.658536585365844,72.57
POZBUD,69.2947275750758,134.25756186984418,-23.11486962649753,-41.11422346716465,23.719676549865238,-39.379084967320274,10.3460118485447,-12.29668674698796,132.8
BUMECH,534.2432267264209,13.188840212128213,191.26930826057753,-39.000409668168786,-44.32025547445256,-8.11150702158876,285.3796445880452,-58.37256220578346,29.74
ELEKTROTI,-8.85057471264368,41.85883997204752,-7.717110920034401,-46.74298797939324,-26.28691983122363,-35.83843196707997,82.2658640086845,12.77685030606567,89.85
BAHOLDING,-18.51612903225806,-25.391095066185315,-39.7651493186431,-83.56327590726046,419.67,,,,
MIRACULUM,25.593601599600106,-1.7436149312377232,-16.471794871794874,0.34993824619185204,163.7350705754614,-8.12967581047381,139.26014319809067,-65.57107641741989,24.34
LABOPRINT,42.8944246737841,4.486861675756061,-14.224962789708691,-13.911770089694308,129.53781512605042,-37.58195646472594,38.13,,
MEDIACAP,102.90392338585113,-17.884322678843237,28.15344603381014,-20.1038961038961,-23.988153998025663,50.65,,,
TALEX,17.391304347826086,-11.1969111969112,12.608695652173916,-37.36383442265795,-12.488083889418494,-1.502347417840377,-2.293577981651387,61.24260355029587,40.56
RAFAMET,13.426573426573428,67.40374609781477,-9.722874589008926,-19.70582689043938,-29.06634563937935,27.186117727118074,-17.513331462250918,2.2381635581061725,69.7
KPPD,114.55737704918033,22.588424437299036,5.513146734520789,-19.99547613662068,4.812707444286394,6.327199395008818,-15.685441020191277,19.204459082847727,39.47
VIVID,-28.287551139684386,39.40793047256925,-4.039614281991132,-40.465477114041896,-39.466516389593316,106.47,,,
MAXCOM,-8.834027364663887,-8.442265795206975,-13.375796178343954,-25.487783441729654,56.89,,,,
PAMAPOL,69.84627512810407,39.05179501233214,-1.8558364712210804,6.992805755395683,-28.571428571428566,8.521079634173544,125.05020080321282,-71.33812949640287,69.5
URSUS,-64.86550259556394,18.412964515227728,-63.065015479876166,-58.75542691751085,79.17937766931055,0.8382680919787767,54.027481639421936,22.13541666666666,69.12
VENTUREIN,25.679347826086964,85.7543466068424,-19.79307242465138,-72.8604565987059,163.82,,,,
BOWIM,155.68347656883412,75.54796470253345,-35.016648168701444,-28.784086418126723,-4.886605688510219,133.7042459736457,13.643926788685516,-58.379501385041564,72.2
HMINWEST,144.38610662358641,-29.337899543378988,35.04,,,,,,
ARTIFEX,12.290114257327362,187.73584905660385,-29.99799879927957,-41.391039174290405,-63.91111111111111,236.25,,,
SUNEX,-29.36344969199179,193.03724928366762,110.74879227053141,63.1527093596059,-24.647364513734225,-37.61000463177396,21.59,,
08OCTAVA,22.894959166432,3.4673659673659607,-2.1943573667711687,-17.162417374881954,-12.388831437435371,11.895394584586901,17.418478260869577,6.174264281592616,34.66
VISTAL,-6.964764063465902,43.664890467732384,88.7150837988827,49.91624790619765,-89.98490186210367,-13.149267866249005,11.674259681093401,122.92,
POLWAX,-34.06837471246133,280.7610993657505,-54.07766990291262,-36.65436654366544,-31.151705782724413,12.946642071462723,-13.533790170132322,169.28,
KCI,73.95769151776547,47.27767695099817,2.5752404591995206,-43.37666900913563,20.287404902789522,-9.96955859969559,621.978021978022,-54.52841973766395,16.01
TESGAS,-20.446880269814493,44.106925880923434,11.55540494747543,28.081597222222232,-33.86911595866821,-5.248844166440032,-9.254689042448174,3.47293156281922,39.16
SWISSMED,57.355769230769205,26.867947544983235,470.2608695652174,13.188976377952756,-33.06982872200263,-19.9367088607595,-29.569093610698367,-53.19888734353268,28.76
OTMUCHOW,107.10141564168018,32.015931372549026,-24.68850946008307,6.25153223829371,6.668410041840996,-45.65866136137559,-34.20905011219147,-14.033113647323589,124.42
MEGARON,31.191222570532908,-17.809983896940423,-4.16666666666666,-15.492957746478885,-7.3017408123791006,9.417989417989425,-30.000000000000004,-4.62734016248675,56.62
AIRWAY,-55.752671438945946,212.5486381322957,-18.7779826178562,-8.461909353905492,-59.42482637190649,102.23,,,
NTTSYSTEM,0.0,132.4227642276423,-6.705097087378643,6.254029658284981,-21.128909229595727,5.555555555555556,39.393939393939384,-31.07271789582259,38.78
HERKULES,26.482854494902707,40.58631921824104,-73.29738192571975,-17.24013820904117,-1.5380253738748428,-20.731501769762346,42.35783411981125,33.95114634668952,93.34
KOMPAP,125.49224968579807,56.9362261669954,0.761841669426964,-17.310325938099144,-10.338899803536348,8.877005347593583,7.409534750143591,14.089121887287027,30.52
EDINVEST,-19.17050691244239,80.95396931287524,26.711749788672865,-6.40822784810127,0.9988014382740711,-4.82889733840304,-15.839999999999998,-14.289632473944051,36.46
SIMPLE,-5.386828644501286,111.4227779655289,-12.169783318492128,12.902144772117955,-3.710874475637298,-24.340820312500004,2.1956087824351362,9.83831186626472,36.49
MWTRADE,173.5910878112713,-45.1867816091954,15.279503105590068,-52.39503252513306,-42.10225975804612,-28.174440527912118,-19.616499736425933,-15.023237583291346,178.59
CZTOREBKA,-13.809742647058833,56.772334293948134,60.8342989571263,-53.98560383897626,-35.90225563909775,-2.4991669443518827,-72.41474400220608,-75.83276871299884,900.31
ENAP,51.817507418397625,-2.141560798548094,21.741051701281492,1.1622708985248011,14.307613694430254,7.705008255365979,-10.049504950495038,-3.8553069966682636,21.01
REMAK,49.01960784313725,12.08791208791209,7.058823529411767,-24.778761061946902,-19.228020014295925,-26.36842105263158,41.89693801344286,42.59850905218317,28.17
ESOTIQ,229.2604501607717,50.85820895522388,-31.22915062868873,-31.76326387672912,163.0584983878397,-67.07113605338996,65.93,,
LIBET,-24.390243902439025,358.95522388059703,-55.33333333333334,-34.78260869565217,53.333333333333336,-28.994082840236686,-35.0,-13.907284768211921,151.0
ALTA,72.34367056431111,-25.265957446808507,-3.3419023136246793,-35.15122648249584,-1.777777777777773,11.502347417840365,22.335673261008306,-50.23817084788821,62.98
ATLANTAPL,31.942544459644317,69.01734104046243,-14.469347396176666,18.840579710144922,-40.558789289871946,-25.704895346825808,33.66473988439307,18.331053351573196,36.55
ERG,21.216488901700778,33.78326263015811,-33.47870702924576,-23.267716535433074,0.5542359461599248,200.35671819262785,8.516129032258066,-14.788345244639917,18.19
PRAGMAINK,-35.06069094304389,-15.901060070671369,-30.238290879211178,-37.12760461511968,57.79891304347828,3.720405862457724,-36.77833214540271,-17.08037825059103,67.68
KOMPUTRON,19.668900275916428,6.596638655462186,-24.05871091257179,-43.86530539136665,-8.789413494527041,-4.553251208482761,0.0,-30.210033735988688,91.89
ARTERIA,75.83892617449663,-29.565964761495483,22.216386554621852,-41.46941284967723,-18.430290872617856,-35.54226604170033,12.307133781085485,-43.90591589451176,98.21
JWWINVEST,-40.168350168350166,28.57142857142856,107.92079207920794,-38.03680981595092,17.93,,,,
MEXPOLSKA,70.33816425120771,-54.38519171441164,-23.11080989495086,-7.230430682175408,-37.602981561396625,51.14141713608065,261.13490364025694,18.527918781725887,7.88
4FUNMEDIA,67.97723745473358,-13.97418780596351,-53.574380165289256,23.690263225146932,83.021515434986,-4.168534289556252,-6.925323320817689,-68.28526065096587,75.58
WIKANA,28.608630952380956,144.141689373297,66.69190007570022,-36.551392891450526,-21.196063588190768,-13.716525146962766,-34.051259961231956,-44.61409996421329,83.83
IFIRMA,352.54237288135596,75.62790697674417,57.74027879677182,-47.15005816207832,25.79,,,,
CAPITAL,65.5377302436126,-18.852459016393443,-44.036697247706435,-50.32837421257204,30.802945301542778,10.606942020554584,-19.459628299234733,65.79492490937339,38.62
NANOGROUP,-18.04798255179935,255.08228460793805,-34.72353870458135,-23.73493975903615,41.5,,,,
QUANTUM,52.1825396825397,53.34685598377282,2.7083333333333313,3.839913466738783,37.4721189591078,51.12359550561796,90.98712446351931,-21.548821548821554,5.94
SKOTAN,-14.15637860082305,146.5753424657534,4.285714285714298,-16.66666666666667,-24.999999999999996,-5.084745762711868,-42.15686274509804,-59.99999999999999,137.7
PRIMETECH,-5.96933187294633,-4.096638655462172,-13.493866424352577,22.01,,,,,
SFINKS,40.91796874999999,-45.47390841320554,-25.446605795950774,-43.35507083427029,-45.8936610293223,-29.067057909726426,140.59385382059804,5.892700087950748,45.48
BETACOM,-32.05465055176038,1.8191546281433912,-33.44017094017093,22.03389830508473,-5.0742574257425614,41.17647058823527,-22.025431425976375,17.189994678020227,18.79
GROCLIN,158.26377295492486,-35.72961373390558,-47.38921817668643,-44.56266624941323,-64.29409464215878,23.27984020938082,34.69709620558492,-74.34548743335871,420.16
ATREM,10.642377756471712,12.452830188679238,53.43258891645989,-46.76354029062087,-15.166230855435185,-24.078275666477595,-4.959568733153648,-41.666666666666664,63.6
LARQ,-16.879951249238268,-10.229759299781188,-61.88490408673895,-60.16611295681063,105.95278823126925,47.51450921019429,39.63,,
EFEKT,24.509063444108758,45.89531680440773,-50.0,-7.397959183673484,-8.045977011494253,28.636089318044665,53.710575139146584,49.722222222222214,14.4
SOHODEV,-31.074481074481078,-2.6159334126040505,-50.500294290759264,-83.45908581998734,31.795727208571243,16.669161676646713,133.6,,
EUCO,-10.240427426536066,35.95641646489105,-45.56836902800659,-73.80459174866218,-41.720321931589545,-20.22471910112359,74.5098039215686,76.47058823529413,80.92
TBULL,-47.784200385356456,90.10989010989013,-51.060651329548854,33.47,,,,,
SOLAR,33.60433604336042,-29.714285714285715,9.374999999999998,-56.75675675675676,-10.48387096774195,24.000000000000007,-36.30573248407644,-50.78369905956113,95.7
SKYLINE,-6.297502714440825,23.37575351640993,-14.636935391652367,8.431494110353375,193.27272727272728,1.8518518518518452,-1.8181818181818117,-61.80555555555556,14.4
ENERGOINS,69.22486569455104,-4.751461988304095,0.0,-32.743362831858406,-77.4,-44.25863991081383,-23.594548551959107,-30.941176470588236,306.0
YOLO,633.8735818476499,-53.2221379833207,-22.63929618768329,-60.293432696786205,-55.786655683690284,97.12,,,
MOSTALPLC,140.4040404040404,56.151419558359635,112.04013377926418,-68.88657648283038,-8.563273073263561,-18.590240123934937,30.4040404040404,-28.260869565217394,27.6
INC,-42.6370265819807,579.6163069544364,28.176229508196723,-26.89138576779026,-5.853314527503526,-25.798011512297226,42.2933730454207,13.43,
PBG,-33.993157380254154,233.22475570032574,-83.32880803692642,-42.74387874076953,-93.32298781373913,7470.7662082514735,8.575085324232074,-25.79930357708135,31.59
PMPG,99.9532491818607,79.14572864321609,-58.7707182320442,-22.937732836615215,8.050603795284639,113.37423312883435,16.3,,
OPENFIN,-58.36873406966864,1.030042918454929,-37.33189887036041,-81.48037457660888,30.975991649269304,-53.00177837738395,13.637630662020902,-84.47070536545246,924.06
TRITON,58.28912466843502,31.588132635253046,-19.238900634249465,-34.42698706099816,47.210884353741505,24.893797790994054,-4.6963562753036445,-26.488095238095244,16.8
BRASTER,125.24850894632206,-5.273069679849329,-42.09378407851691,-71.04972375690609,-42.94334864451049,48.118996798292436,74.96,,
ITMTRADE,102.77777777777779,-93.11663479923517,-37.95966785290628,-13.494099538224726,19.49,,,,
CCENERGY,271.9953325554259,-16.63424124513618,0.0,0.0,0.0,0.0,-82.04366812227074,-45.45021438780371,104.95
DIGITREE,7.784743991640534,87.83120706575075,10.19,,,,,,
COMPERIA,126.52218782249743,-1.4242115971515825,-59.19468659194687,59.430840502978164,100.13245033112582,-57.320520067834934,-62.90626965820926,47.69,
SANWIL,-40.66215901142458,342.62125902992784,0.0,-30.933713471133288,170.84942084942085,-19.44012441679627,-28.713968957871398,-18.223028105167725,11.03
MOJ,42.192982456140356,22.712594187298183,55.09181969949915,-28.26347305389221,23.156342182890846,-23.30316742081448,-31.842713955281422,-24.593023255813947,17.2
STAPORKOW,-4.50867052023122,89.90120746432494,0.0,-43.73069796170476,2.4035420619860894,-23.177842565597658,-53.846153846153854,-66.43835616438356,132.86
REDAN,100.58651026392961,-19.76470588235294,-55.09772847332277,-51.36176772867421,-55.87301587301587,54.38473656572729,-13.71394049237274,3.2756200280767342,64.11
ELKOP,84.05132905591199,38.45177664974619,-19.999999999999996,16.292798110979916,-61.63949275362318,50.81967213114752,-34.67202141900937,24.361820199778027,18.02
MUZA,98.10126582278481,2.9986962190352076,2.9530201342281845,-24.823410696266397,1.4329580348004154,20.172201722017203,-6.872852233676972,-12.261306532663307,9.95
DROZAPOL,205.6731583403895,56.83930942895086,-12.135355892648775,-27.8011794439764,3.2173913043478195,9.315589353612172,-50.307038261691076,-28.648466464442198,29.67
PROCAD,31.254331254331266,92.65687583444593,-45.007342143906016,-5.613305613305617,8.823529411764707,-16.917293233082713,86.23103850641773,-25.736568457538986,11.54
DGA,57.78175313059035,-20.02861230329042,-28.8911495422177,99.79674796747967,22.69326683291771,-24.339622641509436,-13.821138211382122,-25.273390036452003,8.23
UNIMA,57.800511508951395,24.32432432432433,5.892255892255886,-31.724137931034473,0.9280742459396761,42.479338842975196,-4.7244094488188955,-15.558510638297873,7.52
ZREMB,214.33260393873084,53.09882747068678,39.81264637002343,16.66666666666665,-33.45454545454545,-12.4203821656051,-48.56674856674857,-19.031830238726787,15.08
IZOLACJA,27.95321637426899,44.18212478920744,-9.74124809741249,-13.552631578947361,48.148148148148145,21.56398104265403,-34.6749226006192,-19.047619047619055,7.98
INVISTA,2030.5803571428569,-14.011516314779263,-57.60781122864117,-35.145118733509236,-2.9200819672131164,-40.012292562999384,2.7470792548152745,-8.758282915586284,34.71
HARPER,-46.02173913043478,1711.023622047244,-33.50785340314136,-83.78607809847198,-19.562990781836806,-45.879526977087956,-49.70260223048327,-23.184008566839193,280.15
IBSM,201.29870129870133,-51.059322033898304,-9.923664122137412,-29.946524064171125,-28.62595419847328,15.418502202643175,9.08,,
TXM,0.0,-8.685446009389663,-57.86350148367953,-87.40343882382258,80.26,,,,
INDYGO,0.0,0.0,0.0,-30.588235294117652,37.09677419354839,-90.14084507042254,34.24824641659044,32.79,
INTERBUD,-16.076555023923444,161.24999999999997,84.33179723502305,-39.385474860335194,-7.253886010362689,-14.031180400890875,-39.07734056987788,-38.93951946975973,12.07
KRAKCHEM,38.095238095238095,13.513513513513505,-66.36363636363636,-47.61904761904761,-26.82926829268293,-23.87267904509284,-3.333333333333338,-45.070422535211264,63.9
KBDOM,-26.97547683923705,22.333333333333332,-35.76017130620985,-81.83586153247764,-10.386894388288605,-7.956368302855311,61.00206611570249,-51.24653739612189,39.71
IDMSA,-21.656615821213194,1824.2320819112626,-16.28571428571428,100.0,-33.96226415094339,-37.35224586288417,-33.385826771653534,-88.88499912480307,57.13
06MAGNA,73.5403151065802,676.2589928057554,0.0,-46.01941747572816,-51.32325141776938,-58.24782951854775,-14.130803117587263,5.998563218390811,27.84
WINVEST,-19.036697247706435,261.8257261410788,-87.5,39.60897900072412,-64.98478701825557,-38.985148514851495,-59.02896621664449,-25.0,210.36
LARK,0.0,0.0,0.0,6.696428571428567,-82.23632038065028,12.61,,,
PRIMAMODA,41.49659863945579,27.82608695652175,-71.81372549019608,-52.05640423031728,77.29166666666667,114.28571428571426,22.739726027397275,-34.82142857142857,5.6
FASTFIN,-47.12643678160919,-22.666666666666668,0.0,-94.11764705882354,-11.046511627906977,191.52542372881356,-54.61538461538461,-26.136363636363637,44.0
PCGUARD,0.0,0.0,0.0,0.0,-12.093023255813954,0.0,-75.84269662921348,-86.57414391310907,66.29
PBSFINANSE,-6.012658227848099,68.08510638297874,-21.666666666666668,-58.26086956521739,-65.40312876052948,-58.5949177877429,-2.5254978144730433,3.6757301107754303,39.72
FMG,30.131004366812228,55.78231292517007,-69.05263157894737,-28.463855421686745,-29.957805907173,9.48,,,
DREWEX,0.0,0.0,78.94736842105264,-66.47058823529412,-19.43127962085308,81.89655172413794,-50.21459227467812,-79.15921288014312,11.18
AMPLI,-15.02347417840375,195.83333333333334,0.0,0.0,0.0,0.0,-12.19512195121951,-68.33976833976834,2.59
REGNON,0.0,689.5833333333334,0.0,-49.473684210526315,-37.90849673202615,-69.46107784431138,-73.75589313776847,609.6654275092936,2.69
,30.143935371170745,-2.088383907682907,-4.95840603399234,-13.715277030006657,20.118266926243788,-1.3216603702656327,-14.46309794024159,167.5902007274825,247315.91
GRUPRACUJ,4937.56,,,,,,,,
STSHOLDING,3675.95,,,,,,,,
SHOPER,1967.54,,,,,,,,
PCFGROUP,-24.115124457473144,1930.78,,,,,,,
VERCOM,904.88,,,,,,,,
ONDE,902.49,,,,,,,,
CAPTORTX,742.21,,,,,,,,
CAVATINA,552.24,,,,,,,,
CREEPYJAR,540.15,,,,,,,,
ANSWEAR,539.43,,,,,,,,
POLTREG,320.85,,,,,,,,
AIGAMES,-57.60024867889339,482.55,,,,,,,
PURE,-4.912699273397665,184.42,,,,,,,
DADELO,158.02,,,,,,,,
BIGCHEESE,143.92,,,,,,,,
MEDINICE,36.16860715825786,92.76,,,,,,,
PGFGROUP,106.58,,,,,,,,
GIGROUP,97.32,,,,,,,,
BIOPLANET,73.92,,,,,,,,
ALTUS,60.15,,,,,,,,
K2HOLDING,56.55,,,,,,,,
BRAND24,53.81,,,,,,,,
3RGAMES,51.55,,,,,,,,
GAMEOPS,-53.540820929183575,110.85,,,,,,,
MANYDEV,42.0,,,,,,,,
GAMFACTOR,-35.70960340871846,61.02,,,,,,,
NOVAVISGR,-42.930311966475244,64.43,,,,,,,
NEXITY,-87.34375,192.0,,,,,,,
IMPERIO,17.23,,,,,,,,
PUNKPIRAT,-30.75075075075075,16.65,,,,,,,
SATIS,8.84,,,,,,,,
KRUSZWICA,,35.24639851661676,25.127999196867783,-44.126170932819775,18.30515473039234,15.686709373640536,-12.06909483663857,-5.691447973403129,1413.7
ELEMENTAL,,13.883060954063593,63.458327692793645,-43.9642965510266,-35.37591712012026,-16.51159618008185,47.94929759405781,45.098843168838776,341.45
JWCONSTR,,-1.9666445280791027,27.616895041672542,-43.2317562149158,-4.750992972807814,-9.240901213171579,95.58438036698907,-19.766472060050038,275.77
IDEABANK,,-33.83290816326531,-1.2387150955280357,-89.49851726912944,2.5707420494699664,-10.82996818866992,1983.57,,
PGO,,18.100438635753303,-47.031768610715986,-56.199376947040506,481.5,,,,
POLNORD,,255.82308566704558,-65.42076112202966,-11.296713049541978,18.98996756430566,-43.45971766110803,132.14851485148515,-28.02166476624857,280.64
IMPEL,,82.54564423578509,7.202773738955372,-69.75713705858477,-1.878526385662139,-21.409567530909275,-0.6684630531661271,-3.7530236153711907,401.01
ALTUSTFI,,-41.57484941971499,-31.033434650455934,-85.44161897457077,-23.811022206239322,30.291671547381984,28.250582137760095,532.52,
BIK,,0.16580998176089257,1.0556300268096557,-10.134015961451585,-10.619111709286676,74.3,,,
ELBUDOWA,,-90.70684314277669,-70.7832812242883,-66.96744034353426,-27.195377735565316,-18.11597725173772,76.15378028940835,-32.91015625,522.24
NOWAGALA,,32.85632512879223,48.99786780383794,-72.67536704730831,56.40605066520867,-4.090194022024128,8.929931454683926,-40.7624633431085,88.66
WORKSERV,,136.52729384436702,-64.72757066775911,-64.37146506112025,-58.725544828832625,-29.508875488364186,-19.453399577564763,56.056582371388544,749.35
PEMANAGER,,53.59165424739197,-59.5100168959691,-43.716886292623286,-29.509217141489106,-47.375714969637414,396.87,,
PRAGMAFA,,105.04926108374384,-30.58345800384698,-0.5737356566085914,42.606060606060616,4.133796150205108,-8.858211101524306,-21.6185752930568,44.36
K2INTERNT,,137.94781070322867,-20.888733379986,-10.154039610185478,-0.3758221108675258,-15.751978891820578,52.51509054325955,-15.819783197831972,29.52
AWBUD,,31.047723532638507,110.5080831408776,-73.0637636080871,-31.81336161187699,78.7338893100834,45.50468836183122,-58.503089951934086,43.69
KANIA,,0.0,-89.90413877054169,-27.589246364037024,-34.08859840232388,-6.383846624515613,-18.68538891038752,-26.275676556896,490.72
HUBSTYLE,,541.6012558869702,19.51219512195122,34.42622950819673,-85.17757009345794,93.35019877123237,27.67,,
IMPERA,,112.08333333333333,-18.55203619909502,-35.1430667644901,12.36603462489695,-4.4129235618597225,-11.19664100769769,-31.528509822712035,20.87
ZASTAL,,1874.4493392070485,-46.39905548996458,80.59701492537313,-61.11111111111111,-24.99999999999999,-42.85714285714286,-47.27374929735806,53.37
IALBGR,,-7.4183976261127595,-78.05989583333331,0.0,-87.13890982165285,119.43,,,
PLATYNINW,,308.93470790378007,-59.3006993006993,-27.850655903128153,272.5563909774436,-99.7039411443899,898.47,,
ORBIS,,,25.831358348471547,-2.4863213612005355,26.71229211385353,18.892380343073658,40.18293800819554,8.982465993098726,1851.83
BSCDRUK,,,39.92777738440843,-24.19012855954266,12.398564059247628,-7.143057228493795,42.187437766359984,0.39185893078491335,250.09
ATM,,,23.572184480934013,-25.576727642276428,3.6362200163248115,10.001158547181841,-17.17603032193063,-8.968619658026334,457.93
STELMET,,,1.5192850423330284,-49.7209346324851,-53.09491059147181,901.48,,,
INDYKPOL,,,5.835600362724701,-17.808759700118376,47.506952079156704,-43.11518228304455,61.40965500860993,45.670789724072314,115.61
VANTAGE,,,-6.886472582719514,-18.875082993455376,3.9077514413837315,29.485706993363966,-9.389454209065685,-10.93259179154436,194.19
KONSSTALI,,,-15.385924119548585,-4.319279396603169,18.369837497591366,-18.771847446131368,64.14318746253318,-29.28601707745413,165.13
ESSYSTEM,,,65.72603044106208,-19.237326155226558,4.003359462486008,-7.405167199516121,20.002073828287024,-32.23245028458998,142.31
ERGIS,,,56.2948676738455,-57.29776720351391,-0.31925567819027123,27.811133780238986,12.698725528839846,10.2803738317757,138.03
JHMDEV,,,15.026445032111836,-24.629840546697036,66.40606491352759,25.774731823599517,-48.681091826592244,93.76296296296294,67.5
MEDIATEL,,,0.0,0.0,0.0,-32.11105657996214,-60.36183753439124,1304.4886807181888,25.62
ORION,,,0.0,28.333846627656307,-36.13296616837137,-1.3102979714646164,103.03,,
BALTONA,,,-27.80011487650775,231.40862944162436,-2.776064157927212,-54.99722376457524,-7.24861593923007,-3.4915506958250524,80.48
NORTCOAST,,,285.22895125553913,-42.820945945945944,32.364449413079925,1.6477272727272678,41.025641025641036,-40.90909090909091,21.12
MORIZON,,,-21.555783009211872,-21.764894298526578,62.44,,,,
KREZUS,,,0.0,-66.27023455566568,-1.1860718171926043,-57.57547779521743,13.141126083777287,-76.66658541935797,820.54
SETANTA,,,320.9138840070298,-74.65478841870824,22.45,,,,
WADEX,,,37.9395434916718,-12.473002159827209,19.176319176319183,41.144414168937324,-29.150579150579148,-66.41452344931922,46.27
ARCUS,,,91.43518518518516,-51.62374020156774,93.70932754880693,41.628264208909386,-33.16221765913758,-40.391676866585065,16.34
CHEMOS,,,0.0,-75.38048343777977,8.061915511125433,-48.548199767711964,138.59857482185274,-29.85281866148291,36.01
IQP,,,-52.79503105590063,56.614785992217925,-50.0,-42.50559284116331,1.2457531143827796,-28.182187881252542,24.59
CUBEITG,,,383.3333333333333,-89.91596638655462,-89.12049734869262,46.3865096359743,11.58900836320192,33.48,
RUBICON,,,-41.30982367758186,-25.794392523364476,8.519269776876266,12.300683371298406,-33.18112633181127,-59.03990024937656,16.04
EVEREST,,,-23.33333333333334,-5.66037735849057,-36.144578313253014,-90.51428571428572,26.25,,
DROP,,,-68.27309236947792,9.691629955947146,-60.99656357388316,-14.032496307237805,-24.103139013452918,-82.48576477518162,50.93
SCOPAK,,,0.0,-88.64734299516908,-54.30463576158941,-51.70575692963753,83.20312500000001,-83.10509816861904,60.61
REDWOOD,,,-60.6060606060606,-71.30434782608695,-57.08955223880598,-77.307366638442,-25.909661229611036,15.94,
BGZBNPP,,,,25.020021192738515,17.660347080062945,19.4616967048524,4068.71,,
PFLEIDER,,,,-3.7038733136110777,-8.536651769446316,2387.47,,,
ALCHEMIA,,,,8.101851851851851,-13.6,0.0,0.0,-8.851436957096363,1097.11
LCCORP,,,,-10.909253406348766,40.30733803764206,10.112345446557466,-5.319642029450565,13.252574197456077,742.95
IMPEXMET,,,,-31.168981481481477,35.0,53.110047846889955,-16.4,-26.900584795321638,684.0
VISTULA,,,,20.682406003541992,28.776990221172145,19.461377134008902,63.93753414093378,-4.278420275590559,325.12
PCM,,,,-54.991176470588236,-13.483803659126188,-12.00008956961798,-29.245686582061882,631.17,
ABCDATA,,,,-39.422781700951795,7.771849278239645,-38.72880711624724,-7.3536662675213185,-20.919826209662446,538.58
PETROLINV,,,,0.0,-80.53860440435128,419.3248363761625,-25.006458279514337,0.0,38.71
GINOROSSI,,,,-52.736138703268914,-52.988622856172526,12.385496183206111,-26.14517265680057,15.169223277331396,123.21
ABADONRE,,,,-46.47441860465116,86.82655543969413,115.08,,,
HYPERION,,,,0.0,-90.36334913112164,-18.811457887986318,252.15296597410418,-17.999999999999996,40.5
NETMEDIA,,,,2.4982570299790745,43.74478035744113,9.833058154467071,5.069390902081718,14.778761061946902,45.2
QUMAK,,,,-82.8173374613003,50.93457943925233,-45.59898315856371,-26.016769845623386,-19.50419478962972,158.53
INDATA,,,,-85.62711864406779,-70.81519588444796,-11.099384344766934,56.85,,
PROCHNIK,,,,-98.12853107344633,-43.72019077901431,1.9036046982583996,62.54114549045426,-72.84105131414267,111.86
SARE,,,,-62.610575977983096,16.594086637634643,43.63,,,
PEMUG,,,,3.5658307210031355,44.83541430192962,52.55411255411255,-23.96313364055299,-18.024824608742588,18.53
ATLANTIS,,,,-28.985507246376812,15.0,11.11111111111111,-62.40601503759398,5.555555555555536,34.02
WILBO,,,,0.0,-72.43090007087172,-29.870775347912527,37.8082191780822,4.659498207885307,13.95
CALATRAVA,,,,0.0,-71.95121951219512,357.2490706319703,-46.73267326732673,-49.5,10.0
ABMSOLID,,,,-69.7872340425532,31.837307152875184,129.26045016077168,57.070707070707066,-64.32432432432432,5.55
GRAVITON,,,,173.33333333333334,-70.29702970297029,-24.626865671641795,5.36,,
IDEON,,,,0.0,0.0,0.0,-50.07278020378457,-33.30097087378641,10.3
BUDOPOL,,,,0.0,20.0,25.0,-20.0,-64.28571428571428,7.28
BZWBK,,,,,25.52060694984487,11.267586642968837,-24.26665985900069,2.6335371315855536,36258.08
AMREST,,,,,38.513626497178834,57.27961527382937,88.19971810935283,11.11116930731962,1909.25
SYNTHOS,,,,,7.017543859649115,19.685098719052373,-7.299358653761297,-24.862879895222278,7238.18
PAGED,,,,,5.263157894736841,7.7281553398058325,16.30532971996386,41.242565801658685,485.93
EMPERIA,,,,,53.231616867980506,-11.38615501872286,21.218734936532577,-34.155028918042035,1134.24
ROBYG,,,,,37.778033735186455,6.833470057424121,25.704661075209668,1.5161825002181026,573.15
COLIAN,,,,,2.483771724948852,-18.68631303208906,53.47967675793029,-1.6994032328182473,506.06
KOPEX,,,,,1.0634121971237773,0.5309417040358809,-65.08336151716709,1.7045671698834315,784.95
PCCINTER,,,,,38.459154580389225,10.054570259208738,24.342663273960977,-12.139503688799456,134.19
BYTOM,,,,,27.266037862064344,-28.637578766469346,135.21221648326969,-9.427438218244681,98.33
AATHOLD,,,,,14.613180515759316,-5.57359307359308,147.84,,
FAM,,,,,-37.98894710399771,118.48831739062254,270.32520325203257,-39.97908678982225,28.69
POLMED,,,,,-13.926621810333884,6.044695745826595,31.005291005291,-28.05481537875904,78.81
WISTIL,,,,,-19.23076923076923,64.59863256520637,1.3083632632119169,13.677456984543593,34.29
GEKOPLAST,,,,,42.24458204334366,64.6,,,
WDX,,,,,119.27592954990219,25.066285947379153,49.03,,
HAWE,,,,,-9.098615428087028,-23.248752981999566,-77.9494046195782,-42.47792479300195,363.53
FON,,,,,-54.106280193236714,17.32793522267207,-57.50903148116292,-35.923721340388,90.72
MNI,,,,,-83.33333333333333,-67.42708634132255,-50.0,-17.16301877765817,167.22
ALMA,,,,,-58.57664233576643,-73.72332773915129,-50.161309594933684,-58.1968031968032,200.2
IFSA,,,,,-64.03508771929825,79.68476357267951,-48.13805631244323,11.01,
IFCAPITAL,,,,,19.27570093457944,12.928759894459109,-1.9404915912031093,-9.69626168224299,8.56
FOTA,,,,,-88.66103739445116,66.13226452905809,-27.365356622998544,-11.010362694300515,7.72
RESBUD,,,,,-33.9782345828295,-39.011799410029504,-45.62951082598236,71.64487267721957,14.53
KERDOS,,,,,-83.23863636363636,-80.6274078150798,-73.96848137535817,69.8,
B3SYSTEM,,,,,10.084033613445387,26.595744680851066,-77.98594847775175,16.032608695652158,3.68
FARMACOL,,,,,,-4.241057296612846,11.801242236024835,-28.729616223783275,1585.82
PGODLEW,,,,,,10.111287151392526,0.926675143528698,5.686885346038717,491.13
PELION,,,,,,-14.348041646008932,-36.729508453841085,-18.65526920132687,1175.7
PEKAES,,,,,,11.93945914225634,24.41970125642665,7.3794590356722765,306.12
INTEGERPL,,,,,,-58.84269819840789,-46.10392325770058,-45.61955656623081,2198.75
GRAAL,,,,,,8.229859727931512,57.386780497565525,32.92845110382126,112.79
BRIJU,,,,,,106.91097171783866,24.598930481283418,72.93,
APLITT,,,,,,166.7,,,
HUTMEN,,,,,,8.001250195343019,1.418495918852529,-5.912615568147932,134.12
INPOST,,,,,,-64.17910447761196,253.93,,
MCLOGIC,,,,,,-0.3549623739883572,5.33951540532457,-11.852340145023067,75.85
POLCOLORIT,,,,,,60.54821341164953,52.00892857142858,-37.51743375174338,21.51
POLNA,,,,,,-5.448154657293499,-22.20399234345092,20.13797634691195,30.44
TFONE,,,,,,-3.4535686876438936,-45.183003786285234,38.76240513718623,34.26
PWRMEDIA,,,,,,96.52870493991989,-1.7060367454068228,-13.703284258210646,8.83
CASHFLOW,,,,,,207.1428571428571,-39.87730061349693,-53.561253561253565,3.51
TOPMEDICA,,,,,,-74.82758620689656,2.9,,
BACD,,,,,,0.51,,,
SANTANDER,,,,,,12.5258023152131,-23.44440195071071,382566.21,
UNICREDIT,,,,,,-43.59730113529229,-3.4045800347692534,5.331414447936247,130311.76
CEZ,,,,,,-0.6118500118487331,-22.342536888399977,14.556957111083236,42501.19
TALANX,,,,,,7.544781071052141,9.493398926409286,27693.98,
MOL,,,,,,50.19844719565933,24.028519482901583,-21.70387304741703,20611.16
BUWOG,,,,,,15.945739465214917,16.99390380368305,7104.43,
KRKA,,,,,,-12.367478220579596,18.907626549679417,-11.751184118731851,8844.13
IIAAV,,,,,,-18.185019555292385,-4.410603799327361,-35.21846583745453,15545.68
KERNEL,,,,,,34.4398437683451,69.00903522812959,-25.24303209111438,3033.55
UNIWHEELS,,,,,,74.18586179507547,1561.16,,
PROVIDENT,,,,,,-45.78917101861246,-29.46241594580958,-5.7727685174826915,6436.08
MBWS,,,,,,-0.5981207003126155,2248.71,,
ASTARTA,,,,,,56.666666666666664,72.5,-70.10463378176382,1672.5
ORCOGROUP,,,,,,339.95916728027316,-37.08702701564508,-37.160436652332116,755.75
KOFOL,,,,,,-32.55813953488372,1917.37,,
OLYMPIC,,,,,,1.2346381891973277,10.203734079073554,-7.844611114782266,1210.64
PEGAS,,,,,,10.080582524271838,13.877587121882184,11.731788365801538,809.51
EXILLON,,,,,,52.559202950551544,-50.13398355580706,-18.68833822793032,1477.82
SOPHARMA,,,,,,-8.32147490896915,-13.8059163059163,20.17167381974249,922.68
TATRY,,,,,,32.97804847100621,8.733443708609268,1.1002039997907798,573.53
FORTUNA,,,,,,19.747899159663874,-35.77981651376147,4.10112359550561,925.6
GORENJE,,,,,,32.520152285343606,-19.185616803313902,57.512995451591934,369.36
ASSECOSLO,,,,,,36.0854352707713,14.788394676897266,-23.394484880490435,435.53
OVOSTAR,,,,,,-4.419889502762431,25.694444444444443,-28.0,600.0
SILVANO,,,,,,148.8888888888889,-14.72384989402818,-48.02246462900961,462.95
AGROWILL,,,,,,113.48321342925657,-14.422040941973211,141.88384214445273,80.58
CITYSERV,,,,,,42.08445010764972,227.59,,
INTERAOLT,,,,,,-15.053763440860216,-5.535804977145761,-17.683946488294307,478.4
EUROHOLD,,,,,,52.1426968813103,-35.48527176666425,-13.198894333458988,318.36
AVIAAML,,,,,,37.92865484658668,-46.29682422030903,-0.3664044082142814,352.07
IMCOMPANY,,,,,,34.84426843626243,5.291035104524717,-53.33420983434131,380.3
AVIASG,,,,,,59.86114682437644,-31.535707998356898,-39.234773926686636,280.44
WARIMPEX,,,,,,29.323308270676694,-15.015974440894581,-60.82603254067583,431.46
FENGHUA,,,,,,-40.61151564185545,9.663585951940846,270.5,
PRAIRIE,,,,,,84.90976299195478,91.98,,
NEWWORLDR,,,,,,24.444611227859493,-71.41631269575664,-46.464994487320844,870.72
ASBIS,,,,,,123.2999187212138,33.009009009009,-86.48648648648648,410.7
SERINUS,,,,,,23.532834580216143,-61.84707113634201,-66.29430880403643,935.48
AGROTON,,,,,,300.91365920511646,-17.861163227016878,-36.938002839564604,42.26
JJAUTO,,,,,,0.0,-53.92059116767345,170.51,
PLAZACNTR,,,,,,25.008103727714737,-64.00023338584515,80.22082018927445,95.1
BMPAG,,,,,,-6.465517241379312,18.617771509167845,-10.025380710659899,63.04
MILKILAND,,,,,,40.82920234339792,-4.0432432432432375,-88.16015155006016,390.63
COALENERG,,,,,,122.59010896898576,-14.510927982801865,-40.9437156157427,47.26
ATLASEST,,,,,,-9.704804167470579,14.440273791123866,-27.996820349761528,62.9
ESTAR,,,,,,0.0,0.5879790940766464,-48.276638882631225,88.78
KSGAGRO,,,,,,121.47458840372225,-16.944114149821637,-89.6790820396392,162.97
PEIXIN,,,,,,-50.0,-38.996138996139,-63.0,273.0
REINHOLD,,,,,,-43.90947415132017,-29.863056333644575,1380.6451612903227,4.34
SADOVAYA,,,,,,19.953596287703018,-62.01527614571093,49.036777583187394,22.84
KDMSHIPNG,,,,,,-67.26162517613903,13.094289508632139,-87.0973269362577,291.8
WESTAISIC,,,,,,0.0,-52.93333333333333,-57.507082152974505,17.65
BANKBPH,,,,,,,-37.183667711014635,-10.091661880145502,4178.4
NFIEMF,,,,,,,-54.76579052854606,-60.654740447007924,1775.36
ROVESE,,,,,,,-16.3119575572706,-32.21175494726862,1687.8
GRAJEWO,,,,,,,-16.718829700812986,12.281160731962558,1414.28
MIDAS,,,,,,,18.180924528765566,-16.666325339449916,976.58
KOFOLA,,,,,,,48.88984976771314,8.261754683910858,918.57
SKOK,,,,,,,4.469648375998595,-39.322423706324635,565.25
MAGELLAN,,,,,,,-12.977099236641221,-14.46726647364023,514.61
ZETKAMA,,,,,,,93.90737479531622,-16.457166455875896,387.43
SMT,,,,,,,16.702444429056165,-41.150821141855815,245.39
DUDA,,,,,,,-24.13793103448276,-9.374999999999998,222.4
DUON,,,,,,,104.07686315242792,13.19811875367432,170.1
PRESCO,,,,,,,71.54317386231038,-45.70795058599936,126.28
MIT,,,,,,,-28.590604026845636,-75.86393088552916,92.6
TELL,,,,,,,85.11442368255301,-28.31125827814569,66.44
IVMX,,,,,,,93.22647362978282,-38.48600508905853,62.88
EKANCELAR,,,,,,,-94.16299559471366,-75.70893525949707,37.38
TERESA,,,,,,,3.7878787878787916,9.62780682866811,32.51
ECARD,,,,,,,132.9793180547792,-33.59317000742391,26.94
VARIANT,,,,,,,6.270627062706274,-41.46812620734063,15.53
EFH,,,,,,,-83.33333333333334,-76.0,11.0
GREMMEDIA,,,,,,,-22.46642246642247,-19.469026548672574,10.17
TRAVELPL,,,,,,,-7.643312101910824,74.44444444444443,9.0
ALTERCO,,,,,,,-56.417112299465245,-15.765765765765767,4.44
ACE,,,,,,,74.64223206012561,-44.20701935780344,348.18
DTP,,,,,,,6.113507222564529,146.07,
PSG,,,,,,,15.49,,
POLYMETAL,,,,,,,5.43,,
MSXRESOUR,,,,,,,-82.78253773969809,24.51,
AURUM,,,,,,,1.04,,
TVN,,,,,,,,12.187637431676833,5093.44
BGZ,,,,,,,,14.64254424614881,3915.03
BNPPL,,,,,,,,-22.487894584634084,2697.14
PTI,,,,,,,,-12.222222222222223,261.0
MIESZKO,,,,,,,,-4.1278137435410205,168.37
PPG,,,,,,,,-87.67392927441797,147.33
BLACKLION,,,,,,,,9.25669436749769,129.96
JUPITER,,,,,,,,-50.0,53.54
BAKALLAND,,,,,,,,16.87083601977219,46.53
POINTGROUP,,,,,,,,-47.748615458704556,41.53
DMWDM,,,,,,,,-59.5093795093795,34.65
YAWAL,,,,,,,,10.602480803307747,33.86
BIPROMET,,,,,,,,-36.42726719415703,32.86
WANDALEX,,,,,,,,33.75912408759123,21.92
GANT,,,,,,,,-43.37031167459059,18.93
INTAKUS,,,,,,,,-0.922509225092264,16.26
DSS,,,,,,,,-69.06228610540725,14.61
EUIMPLANT,,,,,,,,-87.45901639344262,12.2
NOKAUT,,,,,,,,-26.01828761429758,12.03
CAMMEDIA,,,,,,,,107.2379367720466,12.02
PBOANIOLA,,,,,,,,-89.29577464788733,10.65
MEWA,,,,,,,,-22.15108834827144,7.81
DRAGOWSKI,,,,,,,,-30.014641288433378,6.83
SKYSTONE,,,,,,,,-48.29931972789116,4.41
ADVADIS,,,,,,,,0.0,2.01
ONE2ONE,,,,,,,,-44.99999999999999,1.4
SOBIESKI,,,,,,,,20.68896434975108,998.31
WDMCP,,,,,,,,68.25,
TELEPOLSKA,,,,,,,,29.4,
INVENTUM,,,,,,,,2.06,
GLOBCITYHD,,,,,,,,2201.6,
TPSA,,,,,,,,,12861.1
NORDEABP,,,,,,,,,2557.94
BARLINEK,,,,,,,,,322.64
ARMATURA,,,,,,,,,136.08
HYGIENIKA,,,,,,,,,132.87
MAKRUM,,,,,,,,,107.84
LSTCAPITA,,,,,,,,,85.96
INVESTCON,,,,,,,,,26.7
COMPLEX,,,,,,,,,25.5
MOSTALEXP,,,,,,,,,24.47
MISPOL,,,,,,,,,23.97
IDEATFI,,,,,,,,,20.74
BUDVARCEN,,,,,,,,,17.32
GLOBALNRG,,,,,,,,,13.56
GREENECO,,,,,,,,,6.88
ENERGOPLD,,,,,,,,,0.71
CCIINT,,,,,,,,,1630.21
NOVAKBM,,,,,,,,,229.4
